{
  "episodes": [
    0,
    1,
    2,
    3,
    4
  ],
  "rewards": [
    -0.2348297219333995,
    -0.19339771754122495,
    -0.26051580867094687,
    -0.29775952713501214,
    -0.29628171083114246
  ],
  "losses": [
    0.012809542140790395,
    0.04237160760731924,
    0.03559202736332303,
    0.03629469374815623,
    0.028853315771335646
  ],
  "epsilon": [
    0.9703725093562657,
    0.8734200960253871,
    0.7861544476842928,
    0.7076077347272662,
    0.6369088258938781
  ],
  "eval_rewards": [
    -0.22104066830763883
  ],
  "portfolio_values": [
    7651.702780666005,
    8066.022824587751,
    7394.841913290531,
    7022.404728649879,
    7037.182891688575
  ]
}